{
  "openai/gpt-4.1-mini|flow(toolcall)": [
    {
      "start_lat": 6.433296948671341e-05,
      "turn_ttfts": [
        2.3797809157986194,
        1.1851178749930114,
        2.4602426670026034,
        3.051855416968465
      ],
      "turn_totals": [
        2.379803540883586,
        1.1851262908894569,
        2.4602742921561003,
        3.0518644170369953
      ],
      "wall": 9.077280666911975,
      "calls": 7,
      "stream_calls": 0,
      "in_tok": 16497,
      "out_tok": 122,
      "completed": false,
      "turns_used": 4,
      "leak": false,
      "echoed": 0
    }
  ],
  "openai/gpt-4.1-mini|playbook": [
    {
      "start_lat": 0.00018104095943272114,
      "turn_ttfts": [
        1.7215091669932008,
        0.6700162920169532,
        0.6259679589420557,
        1.448842333164066
      ],
      "turn_totals": [
        2.2080449170898646,
        1.4896878339350224,
        1.9337184589821845,
        3.0906230001710355
      ],
      "wall": 8.722439749864861,
      "calls": 8,
      "stream_calls": 4,
      "in_tok": 10152,
      "out_tok": 248,
      "completed": false,
      "turns_used": 4,
      "leak": false,
      "echoed": 1
    }
  ]
}